URL,최종 크롤링
https://naming-link.com/ar,1970-01-01
https://naming-link.com/ar/about,1970-01-01
https://naming-link.com/ar/contact,1970-01-01
https://naming-link.com/ar/global-to-korean,1970-01-01
https://naming-link.com/ar/guide/hangul-spelling-basis,1970-01-01
https://naming-link.com/ar/guide/hanja-basics,1970-01-01
https://naming-link.com/ar/guide/how-global-to-korean,1970-01-01
https://naming-link.com/ar/guide/how-hanja-meaning,1970-01-01
https://naming-link.com/ar/guide/how-korean-to-global,1970-01-01
https://naming-link.com/ar/guide/korean-name-basis,1970-01-01
https://naming-link.com/ar/guide/what-we-dont-use,1970-01-01
https://naming-link.com/ar/guide/what-you-can-buy,1970-01-01
https://naming-link.com/ar/hanja-meaning,1970-01-01
https://naming-link.com/ar/korean-to-global,1970-01-01
https://naming-link.com/ar/notice,1970-01-01
https://naming-link.com/ar/stamp-order,1970-01-01
https://naming-link.com/contact,1970-01-01
https://naming-link.com/de/contact,1970-01-01
https://naming-link.com/de/global-to-korean,1970-01-01
https://naming-link.com/de/guide/avoid,1970-01-01
https://naming-link.com/de/guide/hangul-spelling-basis,1970-01-01
https://naming-link.com/de/guide/hanja,1970-01-01
https://naming-link.com/de/guide/how-hangul-transliteration,1970-01-01
https://naming-link.com/de/guide/how-hanja-meaning,1970-01-01
https://naming-link.com/de/guide/how-korean-to-global,1970-01-01
https://naming-link.com/de/guide/reading,1970-01-01
https://naming-link.com/de/guide/what-we-dont-use,1970-01-01
https://naming-link.com/de/guide/what-you-can-buy,1970-01-01
https://naming-link.com/de/korean-to-global,1970-01-01
https://naming-link.com/de/notice,1970-01-01
https://naming-link.com/de/stamp-order,1970-01-01
https://naming-link.com/en,1970-01-01
https://naming-link.com/en/contact,1970-01-01
https://naming-link.com/en/global-to-korean,1970-01-01
https://naming-link.com/en/guide/hangul-spelling-basis,1970-01-01
https://naming-link.com/en/guide/how-global-to-korean,1970-01-01
https://naming-link.com/en/guide/how-hangul-transliteration,1970-01-01
https://naming-link.com/en/guide/how-korean-to-global,1970-01-01
https://naming-link.com/en/guide/korean-name-basis,1970-01-01
https://naming-link.com/en/guide/reading,1970-01-01
https://naming-link.com/en/guide/what-you-can-buy,1970-01-01
https://naming-link.com/es,1970-01-01
https://naming-link.com/es/about,1970-01-01
https://naming-link.com/es/global-to-korean,1970-01-01
https://naming-link.com/es/guide/hangul-spelling-basis,1970-01-01
https://naming-link.com/es/guide/hanja-basics,1970-01-01
https://naming-link.com/es/guide/how-global-to-korean,1970-01-01
https://naming-link.com/es/guide/how-hanja-meaning,1970-01-01
https://naming-link.com/es/guide/how-korean-to-global,1970-01-01
https://naming-link.com/es/guide/korean-name-basis,1970-01-01
https://naming-link.com/es/guide/reading,1970-01-01
https://naming-link.com/es/guide/what-we-dont-use,1970-01-01
https://naming-link.com/es/guide/what-you-can-buy,1970-01-01
https://naming-link.com/es/notice,1970-01-01
https://naming-link.com/es/stamp-order,1970-01-01
https://naming-link.com/fil,1970-01-01
https://naming-link.com/fil/about,1970-01-01
https://naming-link.com/fil/contact,1970-01-01
https://naming-link.com/fil/global-to-korean,1970-01-01
https://naming-link.com/fil/guide/avoid,1970-01-01
https://naming-link.com/fil/guide/hangul-spelling-basis,1970-01-01
https://naming-link.com/fil/guide/hanja,1970-01-01
https://naming-link.com/fil/guide/hanja-basics,1970-01-01
https://naming-link.com/fil/guide/how-global-to-korean,1970-01-01
https://naming-link.com/fil/guide/how-hangul-transliteration,1970-01-01
https://naming-link.com/fil/guide/how-hanja-meaning,1970-01-01
https://naming-link.com/fil/guide/how-korean-to-global,1970-01-01
https://naming-link.com/fil/guide/reading,1970-01-01
https://naming-link.com/fil/guide/what-we-dont-use,1970-01-01
https://naming-link.com/fil/guide/what-we-sell,1970-01-01
https://naming-link.com/fil/guide/what-you-can-buy,1970-01-01
https://naming-link.com/fil/korean-to-global,1970-01-01
https://naming-link.com/fil/notice,1970-01-01
https://naming-link.com/fil/pricing,1970-01-01
https://naming-link.com/fil/stamp-order,1970-01-01
https://naming-link.com/fr,1970-01-01
https://naming-link.com/fr/about,1970-01-01
https://naming-link.com/fr/contact,1970-01-01
https://naming-link.com/fr/global-to-korean,1970-01-01
https://naming-link.com/fr/guide/hangul-spelling-basis,1970-01-01
https://naming-link.com/fr/guide/hanja-basics,1970-01-01
https://naming-link.com/fr/guide/how-global-to-korean,1970-01-01
https://naming-link.com/fr/guide/how-hangul-transliteration,1970-01-01
https://naming-link.com/fr/guide/how-korean-to-global,1970-01-01
https://naming-link.com/fr/guide/korean-name-basis,1970-01-01
https://naming-link.com/fr/guide/what-we-dont-use,1970-01-01
https://naming-link.com/fr/guide/what-we-sell,1970-01-01
https://naming-link.com/fr/guide/what-you-can-buy,1970-01-01
https://naming-link.com/fr/hanja-meaning,1970-01-01
https://naming-link.com/fr/korean-to-global,1970-01-01
https://naming-link.com/fr/pricing,1970-01-01
https://naming-link.com/fr/stamp-order,1970-01-01
https://naming-link.com/global-to-korean,1970-01-01
https://naming-link.com/guide,1970-01-01
https://naming-link.com/guide/hanja,1970-01-01
https://naming-link.com/guide/how-global-to-korean,1970-01-01
https://naming-link.com/guide/how-hangul-transliteration,1970-01-01
https://naming-link.com/guide/how-hanja-meaning,1970-01-01
https://naming-link.com/guide/how-korean-to-global,1970-01-01
https://naming-link.com/guide/what-we-sell,1970-01-01
https://naming-link.com/guide/what-you-can-buy,1970-01-01
https://naming-link.com/hanja-meaning,1970-01-01
https://naming-link.com/hi,1970-01-01
https://naming-link.com/hi/about,1970-01-01
https://naming-link.com/hi/contact,1970-01-01
https://naming-link.com/hi/global-to-korean,1970-01-01
https://naming-link.com/hi/guide/hangul-spelling-basis,1970-01-01
https://naming-link.com/hi/guide/hanja-basics,1970-01-01
https://naming-link.com/hi/guide/how-global-to-korean,1970-01-01
https://naming-link.com/hi/guide/how-hangul-transliteration,1970-01-01
https://naming-link.com/hi/guide/how-korean-to-global,1970-01-01
https://naming-link.com/hi/guide/korean-name-basis,1970-01-01
https://naming-link.com/hi/guide/reading,1970-01-01
https://naming-link.com/hi/guide/what-we-dont-use,1970-01-01
https://naming-link.com/hi/guide/what-we-sell,1970-01-01
https://naming-link.com/hi/guide/what-you-can-buy,1970-01-01
https://naming-link.com/hi/notice,1970-01-01
https://naming-link.com/hi/pricing,1970-01-01
https://naming-link.com/hi/stamp-order,1970-01-01
https://naming-link.com/id,1970-01-01
https://naming-link.com/id/about,1970-01-01
https://naming-link.com/id/contact,1970-01-01
https://naming-link.com/id/global-to-korean,1970-01-01
https://naming-link.com/id/guide/avoid,1970-01-01
https://naming-link.com/id/guide/hangul-spelling-basis,1970-01-01
https://naming-link.com/id/guide/hanja-basics,1970-01-01
https://naming-link.com/id/guide/how-global-to-korean,1970-01-01
https://naming-link.com/id/guide/how-hangul-transliteration,1970-01-01
https://naming-link.com/id/guide/how-hanja-meaning,1970-01-01
https://naming-link.com/id/guide/how-korean-to-global,1970-01-01
https://naming-link.com/id/guide/reading,1970-01-01
https://naming-link.com/id/guide/what-we-dont-use,1970-01-01
https://naming-link.com/id/guide/what-we-sell,1970-01-01
https://naming-link.com/id/guide/what-you-can-buy,1970-01-01
https://naming-link.com/id/hanja-meaning,1970-01-01
https://naming-link.com/id/notice,1970-01-01
https://naming-link.com/id/pricing,1970-01-01
https://naming-link.com/it,1970-01-01
https://naming-link.com/it/about,1970-01-01
https://naming-link.com/it/contact,1970-01-01
https://naming-link.com/it/global-to-korean,1970-01-01
https://naming-link.com/it/guide/avoid,1970-01-01
https://naming-link.com/it/guide/hanja,1970-01-01
https://naming-link.com/it/guide/hanja-basics,1970-01-01
https://naming-link.com/it/guide/how-global-to-korean,1970-01-01
https://naming-link.com/it/guide/how-hanja-meaning,1970-01-01
https://naming-link.com/it/guide/how-korean-to-global,1970-01-01
https://naming-link.com/it/guide/korean-name-basis,1970-01-01
https://naming-link.com/it/guide/reading,1970-01-01
https://naming-link.com/it/guide/what-we-sell,1970-01-01
https://naming-link.com/it/guide/what-you-can-buy,1970-01-01
https://naming-link.com/it/hanja-meaning,1970-01-01
https://naming-link.com/it/korean-to-global,1970-01-01
https://naming-link.com/it/notice,1970-01-01
https://naming-link.com/it/pricing,1970-01-01
https://naming-link.com/it/stamp-order,1970-01-01
https://naming-link.com/it/terms,1970-01-01
https://naming-link.com/ja/about,1970-01-01
https://naming-link.com/ja/contact,1970-01-01
https://naming-link.com/ja/global-to-korean,1970-01-01
https://naming-link.com/ja/guide/avoid,1970-01-01
https://naming-link.com/ja/guide/hangul-spelling-basis,1970-01-01
https://naming-link.com/ja/guide/hanja,1970-01-01
https://naming-link.com/ja/guide/hanja-basics,1970-01-01
https://naming-link.com/ja/guide/how-global-to-korean,1970-01-01
https://naming-link.com/ja/guide/how-hangul-transliteration,1970-01-01
https://naming-link.com/ja/guide/how-hanja-meaning,1970-01-01
https://naming-link.com/ja/guide/how-korean-to-global,1970-01-01
https://naming-link.com/ja/guide/korean-name-basis,1970-01-01
https://naming-link.com/ja/guide/reading,1970-01-01
https://naming-link.com/ja/guide/what-we-dont-use,1970-01-01
https://naming-link.com/ja/guide/what-we-sell,1970-01-01
https://naming-link.com/ja/guide/what-you-can-buy,1970-01-01
https://naming-link.com/ja/hanja-meaning,1970-01-01
https://naming-link.com/ja/pricing,1970-01-01
https://naming-link.com/ja/stamp-order,1970-01-01
https://naming-link.com/kk,1970-01-01
https://naming-link.com/kk/about,1970-01-01
https://naming-link.com/kk/contact,1970-01-01
https://naming-link.com/kk/global-to-korean,1970-01-01
https://naming-link.com/kk/guide/avoid,1970-01-01
https://naming-link.com/kk/guide/hangul-spelling-basis,1970-01-01
https://naming-link.com/kk/guide/hanja,1970-01-01
https://naming-link.com/kk/guide/hanja-basics,1970-01-01
https://naming-link.com/kk/guide/how-global-to-korean,1970-01-01
https://naming-link.com/kk/guide/how-hangul-transliteration,1970-01-01
https://naming-link.com/kk/guide/how-hanja-meaning,1970-01-01
https://naming-link.com/kk/guide/how-korean-to-global,1970-01-01
https://naming-link.com/kk/guide/korean-name-basis,1970-01-01
https://naming-link.com/kk/guide/what-you-can-buy,1970-01-01
https://naming-link.com/kk/hanja-meaning,1970-01-01
https://naming-link.com/kk/korean-to-global,1970-01-01
https://naming-link.com/kk/notice,1970-01-01
https://naming-link.com/kk/stamp-order,1970-01-01
https://naming-link.com/km/about,1970-01-01
https://naming-link.com/km/contact,1970-01-01
https://naming-link.com/km/global-to-korean,1970-01-01
https://naming-link.com/km/guide/avoid,1970-01-01
https://naming-link.com/km/guide/hangul-spelling-basis,1970-01-01
https://naming-link.com/km/guide/hanja-basics,1970-01-01
https://naming-link.com/km/guide/how-hangul-transliteration,1970-01-01
https://naming-link.com/km/guide/how-hanja-meaning,1970-01-01
https://naming-link.com/km/guide/how-korean-to-global,1970-01-01
https://naming-link.com/km/guide/korean-name-basis,1970-01-01
https://naming-link.com/km/guide/what-we-sell,1970-01-01
https://naming-link.com/km/guide/what-you-can-buy,1970-01-01
https://naming-link.com/km/hanja-meaning,1970-01-01
https://naming-link.com/km/korean-to-global,1970-01-01
https://naming-link.com/km/notice,1970-01-01
https://naming-link.com/km/pricing,1970-01-01
https://naming-link.com/km/privacy,1970-01-01
https://naming-link.com/km/refund-policy,1970-01-01
https://naming-link.com/km/stamp-order,1970-01-01
https://naming-link.com/ko,1970-01-01
https://naming-link.com/ko/contact,1970-01-01
https://naming-link.com/ko/global-to-korean,1970-01-01
https://naming-link.com/ko/guide/hanja-basics,1970-01-01
https://naming-link.com/ko/guide/how-global-to-korean,1970-01-01
https://naming-link.com/ko/guide/how-hangul-transliteration,1970-01-01
https://naming-link.com/ko/guide/how-korean-to-global,1970-01-01
https://naming-link.com/ko/guide/korean-name-basis,1970-01-01
https://naming-link.com/ko/guide/what-we-dont-use,1970-01-01
https://naming-link.com/ko/guide/what-we-sell,1970-01-01
https://naming-link.com/ko/guide/what-you-can-buy,1970-01-01
https://naming-link.com/ko/hanja-meaning,1970-01-01
https://naming-link.com/ko/korean-to-global,1970-01-01
https://naming-link.com/ko/refund-policy,1970-01-01
https://naming-link.com/ko/stamp-order,1970-01-01
https://naming-link.com/korean-to-global,1970-01-01
https://naming-link.com/mn,1970-01-01
https://naming-link.com/mn/about,1970-01-01
https://naming-link.com/mn/global-to-korean,1970-01-01
https://naming-link.com/mn/guide/avoid,1970-01-01
https://naming-link.com/mn/guide/hangul-spelling-basis,1970-01-01
https://naming-link.com/mn/guide/hanja-basics,1970-01-01
https://naming-link.com/mn/guide/how-global-to-korean,1970-01-01
https://naming-link.com/mn/guide/how-hangul-transliteration,1970-01-01
https://naming-link.com/mn/guide/how-hanja-meaning,1970-01-01
https://naming-link.com/mn/guide/how-korean-to-global,1970-01-01
https://naming-link.com/mn/guide/korean-name-basis,1970-01-01
https://naming-link.com/mn/guide/reading,1970-01-01
https://naming-link.com/mn/guide/what-we-dont-use,1970-01-01
https://naming-link.com/mn/guide/what-we-sell,1970-01-01
https://naming-link.com/mn/guide/what-you-can-buy,1970-01-01
https://naming-link.com/mn/hanja-meaning,1970-01-01
https://naming-link.com/mn/korean-to-global,1970-01-01
https://naming-link.com/mn/notice,1970-01-01
https://naming-link.com/mn/pricing,1970-01-01
https://naming-link.com/mn/stamp-order,1970-01-01
https://naming-link.com/ms,1970-01-01
https://naming-link.com/ms/about,1970-01-01
https://naming-link.com/ms/contact,1970-01-01
https://naming-link.com/ms/global-to-korean,1970-01-01
https://naming-link.com/ms/guide/avoid,1970-01-01
https://naming-link.com/ms/guide/hangul-spelling-basis,1970-01-01
https://naming-link.com/ms/guide/hanja,1970-01-01
https://naming-link.com/ms/guide/hanja-basics,1970-01-01
https://naming-link.com/ms/guide/how-global-to-korean,1970-01-01
https://naming-link.com/ms/guide/how-hangul-transliteration,1970-01-01
https://naming-link.com/ms/guide/how-hanja-meaning,1970-01-01
https://naming-link.com/ms/guide/how-korean-to-global,1970-01-01
https://naming-link.com/ms/guide/korean-name-basis,1970-01-01
https://naming-link.com/ms/guide/reading,1970-01-01
https://naming-link.com/ms/guide/what-you-can-buy,1970-01-01
https://naming-link.com/ms/hanja-meaning,1970-01-01
https://naming-link.com/ms/korean-to-global,1970-01-01
https://naming-link.com/ms/notice,1970-01-01
https://naming-link.com/ms/pricing,1970-01-01
https://naming-link.com/ms/stamp-order,1970-01-01
https://naming-link.com/notice,1970-01-01
https://naming-link.com/pl,1970-01-01
https://naming-link.com/pl/about,1970-01-01
https://naming-link.com/pl/contact,1970-01-01
https://naming-link.com/pl/global-to-korean,1970-01-01
https://naming-link.com/pl/guide/hangul-spelling-basis,1970-01-01
https://naming-link.com/pl/guide/hanja,1970-01-01
https://naming-link.com/pl/guide/hanja-basics,1970-01-01
https://naming-link.com/pl/guide/how-global-to-korean,1970-01-01
https://naming-link.com/pl/guide/how-hangul-transliteration,1970-01-01
https://naming-link.com/pl/guide/how-hanja-meaning,1970-01-01
https://naming-link.com/pl/guide/how-korean-to-global,1970-01-01
https://naming-link.com/pl/guide/korean-name-basis,1970-01-01
https://naming-link.com/pl/guide/reading,1970-01-01
https://naming-link.com/pl/guide/what-we-dont-use,1970-01-01
https://naming-link.com/pl/guide/what-we-sell,1970-01-01
https://naming-link.com/pl/guide/what-you-can-buy,1970-01-01
https://naming-link.com/pl/hanja-meaning,1970-01-01
https://naming-link.com/pl/korean-to-global,1970-01-01
https://naming-link.com/pl/notice,1970-01-01
https://naming-link.com/pl/stamp-order,1970-01-01
https://naming-link.com/pl/terms,1970-01-01
https://naming-link.com/pricing,1970-01-01
https://naming-link.com/pt/about,1970-01-01
https://naming-link.com/pt/contact,1970-01-01
https://naming-link.com/pt/global-to-korean,1970-01-01
https://naming-link.com/pt/guide/avoid,1970-01-01
https://naming-link.com/pt/guide/hanja-basics,1970-01-01
https://naming-link.com/pt/guide/how-hangul-transliteration,1970-01-01
https://naming-link.com/pt/guide/how-hanja-meaning,1970-01-01
https://naming-link.com/pt/guide/how-korean-to-global,1970-01-01
https://naming-link.com/pt/guide/korean-name-basis,1970-01-01
https://naming-link.com/pt/guide/reading,1970-01-01
https://naming-link.com/pt/guide/what-we-dont-use,1970-01-01
https://naming-link.com/pt/guide/what-we-sell,1970-01-01
https://naming-link.com/pt/hanja-meaning,1970-01-01
https://naming-link.com/pt/notice,1970-01-01
https://naming-link.com/pt/pricing,1970-01-01
https://naming-link.com/pt/stamp-order,1970-01-01
https://naming-link.com/pt/terms,1970-01-01
https://naming-link.com/ru,1970-01-01
https://naming-link.com/ru/about,1970-01-01
https://naming-link.com/ru/contact,1970-01-01
https://naming-link.com/ru/guide/avoid,1970-01-01
https://naming-link.com/ru/guide/hangul-spelling-basis,1970-01-01
https://naming-link.com/ru/guide/hanja-basics,1970-01-01
https://naming-link.com/ru/guide/how-global-to-korean,1970-01-01
https://naming-link.com/ru/guide/how-hangul-transliteration,1970-01-01
https://naming-link.com/ru/guide/how-hanja-meaning,1970-01-01
https://naming-link.com/ru/guide/how-korean-to-global,1970-01-01
https://naming-link.com/ru/guide/korean-name-basis,1970-01-01
https://naming-link.com/ru/guide/what-we-dont-use,1970-01-01
https://naming-link.com/ru/guide/what-we-sell,1970-01-01
https://naming-link.com/ru/guide/what-you-can-buy,1970-01-01
https://naming-link.com/ru/hanja-meaning,1970-01-01
https://naming-link.com/ru/korean-to-global,1970-01-01
https://naming-link.com/ru/notice,1970-01-01
https://naming-link.com/ru/pricing,1970-01-01
https://naming-link.com/ru/stamp-order,1970-01-01
https://naming-link.com/stamp-order,1970-01-01
https://naming-link.com/terms,1970-01-01
https://naming-link.com/th,1970-01-01
https://naming-link.com/th/contact,1970-01-01
https://naming-link.com/th/guide/avoid,1970-01-01
https://naming-link.com/th/guide/hanja-basics,1970-01-01
https://naming-link.com/th/guide/how-global-to-korean,1970-01-01
https://naming-link.com/th/guide/how-hangul-transliteration,1970-01-01
https://naming-link.com/th/guide/how-hanja-meaning,1970-01-01
https://naming-link.com/th/guide/how-korean-to-global,1970-01-01
https://naming-link.com/th/guide/korean-name-basis,1970-01-01
https://naming-link.com/th/guide/reading,1970-01-01
https://naming-link.com/th/guide/what-we-sell,1970-01-01
https://naming-link.com/th/guide/what-you-can-buy,1970-01-01
https://naming-link.com/th/notice,1970-01-01
https://naming-link.com/th/pricing,1970-01-01
https://naming-link.com/th/stamp-order,1970-01-01
https://naming-link.com/tr/about,1970-01-01
https://naming-link.com/tr/contact,1970-01-01
https://naming-link.com/tr/global-to-korean,1970-01-01
https://naming-link.com/tr/guide/avoid,1970-01-01
https://naming-link.com/tr/guide/hanja-basics,1970-01-01
https://naming-link.com/tr/guide/how-global-to-korean,1970-01-01
https://naming-link.com/tr/guide/how-hangul-transliteration,1970-01-01
https://naming-link.com/tr/guide/how-hanja-meaning,1970-01-01
https://naming-link.com/tr/guide/how-korean-to-global,1970-01-01
https://naming-link.com/tr/guide/korean-name-basis,1970-01-01
https://naming-link.com/tr/guide/reading,1970-01-01
https://naming-link.com/tr/guide/what-we-dont-use,1970-01-01
https://naming-link.com/tr/guide/what-we-sell,1970-01-01
https://naming-link.com/tr/guide/what-you-can-buy,1970-01-01
https://naming-link.com/tr/hanja-meaning,1970-01-01
https://naming-link.com/tr/korean-to-global,1970-01-01
https://naming-link.com/tr/notice,1970-01-01
https://naming-link.com/tr/pricing,1970-01-01
https://naming-link.com/tr/stamp-order,1970-01-01
https://naming-link.com/uz,1970-01-01
https://naming-link.com/uz/contact,1970-01-01
https://naming-link.com/uz/global-to-korean,1970-01-01
https://naming-link.com/uz/guide,1970-01-01
https://naming-link.com/uz/guide/avoid,1970-01-01
https://naming-link.com/uz/guide/hangul-spelling-basis,1970-01-01
https://naming-link.com/uz/guide/hanja,1970-01-01
https://naming-link.com/uz/guide/hanja-basics,1970-01-01
https://naming-link.com/uz/guide/how-global-to-korean,1970-01-01
https://naming-link.com/uz/guide/how-hangul-transliteration,1970-01-01
https://naming-link.com/uz/guide/how-hanja-meaning,1970-01-01
https://naming-link.com/uz/guide/how-korean-to-global,1970-01-01
https://naming-link.com/uz/guide/reading,1970-01-01
https://naming-link.com/uz/guide/what-we-dont-use,1970-01-01
https://naming-link.com/uz/guide/what-we-sell,1970-01-01
https://naming-link.com/uz/guide/what-you-can-buy,1970-01-01
https://naming-link.com/uz/hanja-meaning,1970-01-01
https://naming-link.com/uz/korean-to-global,1970-01-01
https://naming-link.com/uz/pricing,1970-01-01
https://naming-link.com/uz/stamp-order,1970-01-01
https://naming-link.com/uz/terms,1970-01-01
https://naming-link.com/vi,1970-01-01
https://naming-link.com/vi/about,1970-01-01
https://naming-link.com/vi/contact,1970-01-01
https://naming-link.com/vi/global-to-korean,1970-01-01
https://naming-link.com/vi/guide/avoid,1970-01-01
https://naming-link.com/vi/guide/hangul-spelling-basis,1970-01-01
https://naming-link.com/vi/guide/hanja-basics,1970-01-01
https://naming-link.com/vi/guide/how-global-to-korean,1970-01-01
https://naming-link.com/vi/guide/how-hangul-transliteration,1970-01-01
https://naming-link.com/vi/guide/how-hanja-meaning,1970-01-01
https://naming-link.com/vi/guide/how-korean-to-global,1970-01-01
https://naming-link.com/vi/guide/korean-name-basis,1970-01-01
https://naming-link.com/vi/guide/what-we-dont-use,1970-01-01
https://naming-link.com/vi/guide/what-we-sell,1970-01-01
https://naming-link.com/vi/guide/what-you-can-buy,1970-01-01
https://naming-link.com/vi/hanja-meaning,1970-01-01
https://naming-link.com/vi/korean-to-global,1970-01-01
https://naming-link.com/vi/notice,1970-01-01
https://naming-link.com/vi/pricing,1970-01-01
https://naming-link.com/vi/refund-policy,1970-01-01
https://naming-link.com/vi/stamp-order,1970-01-01
https://naming-link.com/zh,1970-01-01
https://naming-link.com/zh/about,1970-01-01
https://naming-link.com/zh/contact,1970-01-01
https://naming-link.com/zh/global-to-korean,1970-01-01
https://naming-link.com/zh/guide/avoid,1970-01-01
https://naming-link.com/zh/guide/hangul-spelling-basis,1970-01-01
https://naming-link.com/zh/guide/hanja,1970-01-01
https://naming-link.com/zh/guide/hanja-basics,1970-01-01
https://naming-link.com/zh/guide/how-global-to-korean,1970-01-01
https://naming-link.com/zh/guide/how-hangul-transliteration,1970-01-01
https://naming-link.com/zh/guide/how-hanja-meaning,1970-01-01
https://naming-link.com/zh/guide/how-korean-to-global,1970-01-01
https://naming-link.com/zh/guide/korean-name-basis,1970-01-01
https://naming-link.com/zh/guide/what-we-dont-use,1970-01-01
https://naming-link.com/zh/guide/what-we-sell,1970-01-01
https://naming-link.com/zh/hanja-meaning,1970-01-01
https://naming-link.com/zh/notice,1970-01-01
https://naming-link.com/zh/pricing,1970-01-01
https://naming-link.com/zh/stamp-order,1970-01-01